Company,60B,59B,58B,57B,56B,55B,54B,53B,52B,51B,50B,49B,48B,47B,46B,45B,44B,43B,42B,41B,40B,39B,38B,37B,36B,35B,34B,33B,32B,31B,30B,29B,28B,27B,26B,25B,24B,23B,22B,21B,20B,19B,18B,17B,16B,15B,14B,13B,12B,11B,10B,9B,8B,7B,6B,5B,4B,3B,2B,1B,PDUFA,1A,2A,3A,4A,5A,6A,7A,8A,9A,10A,11A,12A,13A,14A,15A,16A,17A,18A,19A,20A,21A,22A,23A,24A,25A,26A,27A,28A,29A,30A,31A,32A,33A,34A,35A,36A,37A,38A,39A,40A,41A,42A,43A,44A,45A,46A,47A,48A,49A,50A,51A,52A,53A,54A,55A,56A,57A,58A,59A,60A
IONS,,,,,,,,,,,,,,,,,,,,41.97999954223633,41.66999816894531,42.880001068115234,43.439998626708984,43.439998626708984,45.529998779296875,45.20000076293945,44.95000076293945,45.16999816894531,45.59000015258789,45.2400016784668,44.27000045776367,44.11000061035156,44.790000915527344,45.84000015258789,46.5,44.560001373291016,45.31999969482422,45.4900016784668,46.0099983215332,45.040000915527344,43.689998626708984,43.68000030517578,43.09000015258789,44.439998626708984,43.619998931884766,43.650001525878906,44.20000076293945,45.56999969482422,48.209999084472656,48.70000076293945,50.0099983215332,51.02000045776367,49.650001525878906,51.41999816894531,50.84000015258789,51.66999816894531,53.25,52.68000030517578,51.209999084472656,49.79999923706055,53.70000076293945,45.16999816894531,46.189998626708984,46.43000030517578,45.689998626708984,45.7599983215332,45.060001373291016,44.459999084472656,44.18000030517578,44.54999923706055,44.650001525878906,45.040000915527344,45.09000015258789,46.0,48.189998626708984,49.36000061035156,49.97999954223633,50.79999923706055,49.13999938964844,50.5099983215332,51.52000045776367,51.38999938964844,51.72999954223633,51.58000183105469,50.060001373291016,48.54999923706055,47.9900016784668,47.47999954223633,48.72999954223633,45.0,44.88999938964844,44.060001373291016,43.369998931884766,45.0,45.130001068115234,47.4900016784668,47.34000015258789,46.349998474121094,45.189998626708984,46.70000076293945,48.84000015258789,46.0099983215332,48.33000183105469,,,,,,,,,,,,,,,,,,
XOMA,,,,,,,,,,,,,,,,,,,16.729999542236328,17.3799991607666,17.329999923706055,17.15999984741211,16.989999771118164,17.040000915527344,16.8700008392334,18.3700008392334,18.6299991607666,18.729999542236328,18.700000762939453,17.899999618530273,17.059999465942383,17.600000381469727,17.170000076293945,17.0,16.700000762939453,16.31999969482422,16.489999771118164,15.670000076293945,16.200000762939453,16.06999969482422,16.440000534057617,15.850000381469727,16.75,16.59000015258789,18.950000762939453,17.799999237060547,17.56999969482422,17.540000915527344,17.110000610351562,17.43000030517578,16.5,16.760000228881836,16.520000457763672,16.239999771118164,14.90999984741211,15.710000038146973,15.300000190734863,15.130000114440918,16.09000015258789,16.030000686645508,13.710000038146973,15.0,14.649999618530273,13.970000267028809,13.289999961853027,12.289999961853027,12.369999885559082,12.869999885559082,12.479999542236328,12.3100004196167,12.9399995803833,12.789999961853027,12.670000076293945,12.8100004196167,13.880000114440918,14.760000228881836,14.390000343322754,14.329999923706055,13.270000457763672,13.40999984741211,13.529999732971191,14.260000228881836,14.069999694824219,14.010000228881836,14.800000190734863,16.399999618530273,16.43000030517578,15.25,15.729999542236328,15.010000228881836,15.029999732971191,15.5600004196167,14.979999542236328,14.920000076293945,14.869999885559082,14.75,14.550000190734863,14.75,14.430000305175781,14.229999542236328,,,,,,,,,,,,,,,,,,,,,
AQST,,,,,,,,,,,,,,,,,16.530000686645508,16.06999969482422,16.3799991607666,16.309999465942383,16.329999923706055,17.15999984741211,17.5,17.190000534057617,17.309999465942383,17.510000228881836,17.309999465942383,17.899999618530273,17.850000381469727,16.6200008392334,16.139999389648438,15.779999732971191,14.800000190734863,14.420000076293945,14.039999961853027,14.899999618530273,15.09000015258789,15.460000038146973,15.920000076293945,15.520000457763672,14.359999656677246,14.109999656677246,14.739999771118164,14.779999732971191,14.800000190734863,15.229999542236328,14.609999656677246,14.869999885559082,15.130000114440918,15.239999771118164,17.329999923706055,17.75,17.549999237060547,17.90999984741211,18.0,17.0,16.6299991607666,17.219999313354492,16.8799991607666,16.809999465942383,16.860000610351562,16.350000381469727,13.1899995803833,10.220000267028809,10.199999809265137,10.850000381469727,9.3100004196167,8.949999809265137,8.84000015258789,8.59000015258789,8.15999984741211,7.550000190734863,8.75,8.25,8.300000190734863,8.579999923706055,7.889999866485596,7.980000019073486,7.389999866485596,7.300000190734863,6.809999942779541,6.900000095367432,6.900000095367432,6.510000228881836,6.53000020980835,6.840000152587891,6.090000152587891,6.159999847412109,6.300000190734863,7.179999828338623,7.139999866485596,7.960000038146973,7.96999979019165,7.900000095367432,7.980000019073486,7.539999961853027,7.46999979019165,7.46999979019165,,,,,,,,,,,,,,,,,,,,,,,
ALKS,,,,,,,,,,,,,,,,,,,,,36.400001525878906,35.11000061035156,34.77000045776367,34.0099983215332,34.279998779296875,34.470001220703125,35.5,33.77000045776367,32.81999969482422,32.95000076293945,31.81999969482422,29.889999389648438,29.760000228881836,28.450000762939453,27.940000534057617,29.5,28.920000076293945,28.489999771118164,29.510000228881836,29.110000610351562,28.399999618530273,30.0,30.600000381469727,31.229999542236328,32.209999084472656,32.47999954223633,32.5099983215332,32.2599983215332,33.040000915527344,33.58000183105469,33.81999969482422,34.13999938964844,33.04999923706055,32.439998626708984,33.08000183105469,34.06999969482422,32.54999923706055,32.65999984741211,32.79999923706055,32.869998931884766,33.08000183105469,33.18000030517578,33.709999084472656,32.4900016784668,31.06999969482422,30.850000381469727,31.3799991607666,32.290000915527344,32.91999816894531,32.5,32.540000915527344,34.09000015258789,33.349998474121094,32.56999969482422,33.43000030517578,34.2599983215332,33.91999816894531,34.209999084472656,33.27000045776367,34.439998626708984,33.849998474121094,33.36000061035156,32.470001220703125,32.630001068115234,31.93000030517578,33.15999984741211,33.15999984741211,33.529998779296875,33.16999816894531,34.02000045776367,34.61000061035156,35.0099983215332,34.54999923706055,34.939998626708984,33.959999084472656,33.380001068115234,34.380001068115234,33.56999969482422,35.65999984741211,36.4900016784668,35.95000076293945,,,,,,,,,,,,,,,,,,,,
ZVRA,,,,,,,,,,,,,,,,,,,,25.920000076293945,25.1200008392334,23.920000076293945,22.079999923706055,20.959999084472656,21.920000076293945,21.1200008392334,19.84000015258789,20.31999969482422,20.799999237060547,20.799999237060547,19.520000457763672,19.200000762939453,20.479999542236328,21.280000686645508,21.280000686645508,23.84000015258789,26.0,26.8799991607666,27.040000915527344,27.040000915527344,26.559999465942383,27.040000915527344,26.719999313354492,25.600000381469727,24.0,24.799999237060547,24.0,23.520000457763672,22.559999465942383,22.399999618530273,22.559999465942383,23.520000457763672,22.8799991607666,25.440000534057617,26.719999313354492,28.799999237060547,29.760000228881836,28.31999969482422,27.84000015258789,24.639999389648438,24.959999084472656,27.520000457763672,28.15999984741211,28.0,27.040000915527344,26.8799991607666,26.559999465942383,25.600000381469727,25.1200008392334,25.600000381469727,24.799999237060547,26.559999465942383,25.760000228881836,24.31999969482422,24.15999984741211,24.15999984741211,24.639999389648438,23.520000457763672,22.239999771118164,22.079999923706055,22.239999771118164,22.399999618530273,22.079999923706055,21.760000228881836,21.440000534057617,20.15999984741211,18.079999923706055,16.799999237060547,20.31999969482422,20.8799991607666,20.639999389648438,20.639999389648438,20.479999542236328,19.200000762939453,17.600000381469727,16.15999984741211,16.15999984741211,15.680000305175781,14.239999771118164,13.760000228881836,12.399999618530273,11.583999633789062,14.239999771118164,,,,,,,,,,,,,,,,,,
VNDA,,,,,,,,,,,,,,,,,,,,14.199999809265137,14.0600004196167,13.819999694824219,14.0,13.880000114440918,14.420000076293945,14.09000015258789,13.899999618530273,13.630000114440918,14.0600004196167,13.930000305175781,13.510000228881836,13.649999618530273,13.960000038146973,13.430000305175781,13.65999984741211,13.569999694824219,13.4399995803833,13.289999961853027,13.3100004196167,12.989999771118164,12.40999984741211,12.6899995803833,13.1899995803833,12.270000457763672,12.460000038146973,12.550000190734863,12.649999618530273,12.449999809265137,15.789999961853027,15.3100004196167,15.329999923706055,15.510000228881836,15.350000381469727,15.0,14.6899995803833,15.039999961853027,15.050000190734863,14.800000190734863,14.90999984741211,15.1899995803833,15.329999923706055,15.119999885559082,15.0600004196167,14.579999923706055,14.479999542236328,14.880000114440918,14.109999656677246,14.34000015258789,14.100000381469727,14.09000015258789,14.039999961853027,14.020000457763672,13.9399995803833,13.569999694824219,13.359999656677246,14.1899995803833,14.25,13.649999618530273,13.59000015258789,13.649999618530273,13.630000114440918,13.1899995803833,13.5,13.210000038146973,13.489999771118164,13.289999961853027,14.029999732971191,13.390000343322754,13.619999885559082,13.279999732971191,12.949999809265137,13.140000343322754,13.390000343322754,13.199999809265137,13.270000457763672,12.960000038146973,12.380000114440918,12.569999694824219,12.710000038146973,12.9399995803833,13.529999732971191,13.399999618530273,13.680000305175781,,,,,,,,,,,,,,,,,,
ASRT,,,,,,,,,,,,,,,,,,,,6.079999923706055,5.599999904632568,6.0,5.559999942779541,5.639999866485596,5.840000152587891,5.760000228881836,5.28000020980835,5.239999771118164,5.28000020980835,5.079999923706055,4.960000038146973,5.559999942779541,5.519999980926514,5.360000133514404,5.440000057220459,5.400000095367432,5.480000019073486,5.320000171661377,5.28000020980835,5.519999980926514,5.519999980926514,5.71999979019165,5.679999828338623,5.71999979019165,5.239999771118164,5.119999885559082,4.920000076293945,4.960000038146973,4.960000038146973,4.880000114440918,5.320000171661377,5.320000171661377,5.0,4.880000114440918,4.960000038146973,4.199999809265137,4.400000095367432,4.159999847412109,5.0,4.679999828338623,3.359999895095825,3.4800000190734863,3.559999942779541,3.559999942779541,3.680000066757202,3.9200000762939453,3.9600000381469727,4.079999923706055,3.1600000858306885,3.359999895095825,3.240000009536743,3.319999933242798,2.9200000762939453,3.0,2.9200000762939453,2.880000114440918,2.9200000762939453,3.240000009536743,3.0799999237060547,3.0799999237060547,3.319999933242798,3.200000047683716,3.0399999618530273,2.9600000381469727,2.9600000381469727,3.0399999618530273,3.0799999237060547,3.119999885559082,3.0399999618530273,3.0,2.9600000381469727,2.9200000762939453,2.799999952316284,2.8399999141693115,2.8399999141693115,3.0799999237060547,3.1600000858306885,4.920000076293945,4.760000228881836,5.599999904632568,5.119999885559082,4.880000114440918,4.639999866485596,,,,,,,,,,,,,,,,,,
IGXT,,,,,,,,,,,,,,,,,,0.41999998688697815,0.3700000047683716,0.3700000047683716,0.36000001430511475,0.36000001430511475,0.36000001430511475,0.36000001430511475,0.36000001430511475,0.36000001430511475,0.38999998569488525,0.3700000047683716,0.36000001430511475,0.3700000047683716,0.3799999952316284,0.44999998807907104,0.4300000071525574,0.41999998688697815,0.4099999964237213,0.4099999964237213,0.3799999952316284,0.3700000047683716,0.3799999952316284,0.3799999952316284,0.36000001430511475,0.3799999952316284,0.3700000047683716,0.4300000071525574,0.4099999964237213,0.41999998688697815,0.38999998569488525,0.4000000059604645,0.4000000059604645,0.30000001192092896,0.3199999928474426,0.30000001192092896,0.25999999046325684,0.23999999463558197,0.25999999046325684,0.25999999046325684,0.27000001072883606,0.25999999046325684,0.25999999046325684,0.30000001192092896,0.12999999523162842,0.12999999523162842,0.14000000059604645,0.14000000059604645,0.1599999964237213,0.1599999964237213,0.14000000059604645,0.1599999964237213,0.1599999964237213,0.17000000178813934,0.18000000715255737,0.17000000178813934,0.1899999976158142,0.1899999976158142,0.1899999976158142,0.20000000298023224,0.23000000417232513,0.1899999976158142,0.20000000298023224,0.18000000715255737,0.1899999976158142,0.1899999976158142,0.20000000298023224,0.20999999344348907,0.1899999976158142,0.1899999976158142,0.1899999976158142,0.1899999976158142,0.1899999976158142,0.20000000298023224,0.20000000298023224,0.20999999344348907,0.20000000298023224,0.20999999344348907,0.1899999976158142,0.1899999976158142,0.20000000298023224,0.20000000298023224,0.20000000298023224,0.20999999344348907,,,,,,,,,,,,,,,,,,,,,
UTHR,,,,,,,,,,,,,,,,,,,,102.95999908447266,103.83000183105469,100.20999908447266,103.25,101.22000122070312,98.26000213623047,91.29000091552734,100.48999786376953,93.98999786376953,86.13999938964844,91.91000366210938,79.43000030517578,80.55999755859375,79.38999938964844,83.62000274658203,83.13999938964844,83.94999694824219,88.04000091552734,90.54000091552734,92.0199966430664,91.31999969482422,97.06999969482422,94.83000183105469,93.9000015258789,93.52999877929688,92.73999786376953,95.76000213623047,95.05999755859375,96.58999633789062,95.87000274658203,98.25,99.01000213623047,97.41000366210938,97.2699966430664,104.62000274658203,106.44000244140625,104.0,108.06999969482422,109.98999786376953,111.20999908447266,111.58000183105469,109.73999786376953,107.97000122070312,109.55999755859375,109.12000274658203,111.91000366210938,111.55999755859375,112.95999908447266,111.9800033569336,113.43000030517578,115.66000366210938,114.25,113.08000183105469,113.43000030517578,116.36000061035156,119.26000213623047,118.44000244140625,120.18000030517578,117.19999694824219,117.56999969482422,118.44999694824219,116.80999755859375,115.0,117.94999694824219,120.27999877929688,123.05999755859375,125.69999694824219,122.41999816894531,123.63999938964844,125.81999969482422,124.52999877929688,122.86000061035156,116.30000305175781,115.41999816894531,113.7300033569336,114.05000305175781,117.73999786376953,115.6500015258789,118.36000061035156,118.87000274658203,120.80000305175781,121.27999877929688,124.18000030517578,119.76000213623047,,,,,,,,,,,,,,,,,,
BPMC,,,,,,,,,,,,,,,,,,48.11000061035156,57.77000045776367,54.0,58.34000015258789,53.470001220703125,51.31999969482422,58.95000076293945,57.68000030517578,61.22999954223633,58.11000061035156,57.970001220703125,58.47999954223633,57.09000015258789,60.38999938964844,59.689998626708984,65.62999725341797,65.26000213623047,67.02999877929688,66.19999694824219,63.90999984741211,66.6500015258789,64.33000183105469,67.87000274658203,70.0999984741211,70.61000061035156,70.11000061035156,70.1500015258789,69.36000061035156,70.69000244140625,70.9000015258789,58.630001068115234,60.130001068115234,58.83000183105469,57.150001525878906,58.130001068115234,59.7400016784668,58.970001220703125,60.18000030517578,59.369998931884766,65.08000183105469,63.32500076293945,63.779998779296875,64.27999877929688,63.58000183105469,63.310001373291016,61.56999969482422,63.4900016784668,64.5999984741211,65.18000030517578,65.31999969482422,64.30999755859375,66.98999786376953,65.13999938964844,66.23500061035156,70.72000122070312,74.52999877929688,69.51000213623047,71.16999816894531,74.30000305175781,73.44999694824219,74.16999816894531,69.06999969482422,69.88999938964844,73.02999877929688,74.41999816894531,74.68000030517578,76.31999969482422,78.80000305175781,79.2699966430664,78.94000244140625,76.23999786376953,79.16999816894531,75.58999633789062,76.55000305175781,78.0,79.0199966430664,79.1500015258789,79.31999969482422,77.19000244140625,78.66000366210938,78.37000274658203,78.97000122070312,76.6500015258789,,,,,,,,,,,,,,,,,,,,,
DBVT,,,,,,,,,,,,,,,,,,,,5.460000038146973,5.849999904632568,5.929999828338623,5.610000133514404,5.159999847412109,5.309999942779541,5.489999771118164,5.489999771118164,5.389999866485596,5.46999979019165,5.369999885559082,5.639999866485596,5.599999904632568,5.449999809265137,5.400000095367432,4.659999847412109,4.630000114440918,4.389999866485596,4.489999771118164,4.46999979019165,4.510000228881836,4.570000171661377,4.5,4.300000190734863,4.199999809265137,4.190000057220459,4.389999866485596,4.769999980926514,4.599999904632568,4.429999828338623,4.519999980926514,4.409999847412109,4.340000152587891,4.309999942779541,4.150000095367432,4.199999809265137,4.03000020980835,4.03000020980835,3.8499999046325684,4.110000133514404,4.099999904632568,2.3399999141693115,2.4800000190734863,2.319999933242798,2.259999990463257,2.3299999237060547,2.299999952316284,2.299999952316284,2.359999895095825,2.3399999141693115,2.319999933242798,2.319999933242798,2.2699999809265137,2.200000047683716,2.0799999237060547,2.1600000858306885,2.1500000953674316,2.109999895095825,2.0899999141693115,2.069999933242798,2.1600000858306885,2.049999952316284,2.069999933242798,2.059999942779541,2.0,1.909999966621399,1.9600000381469727,1.909999966621399,1.9800000190734863,1.9600000381469727,1.9600000381469727,2.0,1.9800000190734863,1.9500000476837158,1.8799999952316284,1.7799999713897705,1.6299999952316284,1.5800000429153442,1.600000023841858,1.7400000095367432,1.7100000381469727,1.7300000190734863,1.7100000381469727,1.7000000476837158,,,,,,,,,,,,,,,,,,
EGRX,,,,,,,,,,,,,,,,,,,,45.959999084472656,43.439998626708984,44.38999938964844,45.7400016784668,45.66999816894531,46.220001220703125,45.06999969482422,48.02000045776367,48.58000183105469,47.77000045776367,48.08000183105469,46.7400016784668,48.02000045776367,47.97999954223633,48.900001525878906,48.459999084472656,47.619998931884766,46.86000061035156,46.349998474121094,47.220001220703125,48.45000076293945,48.220001220703125,48.529998779296875,50.79999923706055,51.279998779296875,51.27000045776367,50.599998474121094,50.63999938964844,49.83000183105469,48.880001068115234,47.66999816894531,49.15999984741211,47.400001525878906,47.95000076293945,47.72999954223633,46.38999938964844,47.720001220703125,48.119998931884766,48.84000015258789,47.494998931884766,47.0,43.2599983215332,43.119998931884766,43.720001220703125,42.974998474121094,42.90999984741211,43.029998779296875,42.630001068115234,42.31999969482422,41.400001525878906,41.22999954223633,40.95000076293945,40.400001525878906,40.2599983215332,39.84000015258789,39.58000183105469,39.68000030517578,38.119998931884766,38.619998931884766,38.060001373291016,37.25,37.220001220703125,37.29999923706055,37.189998626708984,37.02000045776367,37.959999084472656,38.68000030517578,38.900001525878906,39.349998474121094,39.83000183105469,39.68000030517578,39.79999923706055,39.540000915527344,41.119998931884766,41.61000061035156,41.27000045776367,41.880001068115234,42.47999954223633,43.06999969482422,41.720001220703125,42.869998931884766,42.900001525878906,43.630001068115234,45.25,,,,,,,,,,,,,,,,,,
ETON,,,,,,,,,,,,,,,,,,8.34000015258789,7.880000114440918,7.670000076293945,8.119999885559082,9.0600004196167,8.729999542236328,8.5600004196167,8.630000114440918,8.180000305175781,8.279999732971191,8.010000228881836,7.820000171661377,7.900000095367432,7.230000019073486,6.960000038146973,6.96999979019165,6.650000095367432,6.96999979019165,7.03000020980835,6.989999771118164,6.929999828338623,6.929999828338623,7.769999980926514,7.730000019073486,7.730000019073486,8.3100004196167,7.920000076293945,7.550000190734863,7.940000057220459,7.639999866485596,7.599999904632568,8.130000114440918,7.570000171661377,7.659999847412109,7.289999961853027,7.019999980926514,7.019999980926514,7.090000152587891,6.96999979019165,6.949999809265137,6.679999828338623,6.980000019073486,7.320000171661377,7.389999866485596,7.210000038146973,7.429999828338623,7.53000020980835,7.380000114440918,7.349999904632568,7.360000133514404,7.440000057220459,7.28000020980835,7.5,7.949999809265137,7.940000057220459,7.71999979019165,8.0600004196167,8.079999923706055,8.15999984741211,8.359999656677246,8.829999923706055,8.65999984741211,8.619999885559082,8.779999732971191,8.770000457763672,7.949999809265137,7.869999885559082,8.289999961853027,8.640000343322754,8.800000190734863,8.789999961853027,8.670000076293945,8.779999732971191,8.390000343322754,8.0,8.109999656677246,8.130000114440918,8.109999656677246,8.119999885559082,7.929999828338623,8.069999694824219,8.369999885559082,,,,,,,,,,,,,,,,,,,,,,
SCPH,,,,,,,,,,,,,,,,,,,,8.239999771118164,8.130000114440918,8.319999694824219,8.899999618530273,8.789999961853027,8.619999885559082,8.800000190734863,8.880000114440918,8.90999984741211,8.640000343322754,9.079999923706055,9.029999732971191,8.619999885559082,8.079999923706055,7.920000076293945,8.350000381469727,8.619999885559082,8.600000381469727,8.720000267028809,8.949999809265137,8.949999809265137,9.020000457763672,9.359999656677246,9.239999771118164,9.390000343322754,9.050000190734863,9.079999923706055,9.40999984741211,9.260000228881836,9.140000343322754,9.1899995803833,8.9399995803833,8.649999618530273,8.739999771118164,9.25,9.100000381469727,9.220000267028809,9.050000190734863,8.90999984741211,8.789999961853027,8.739999771118164,5.625,5.170000076293945,5.579999923706055,5.420000076293945,5.46999979019165,5.539999961853027,5.739999771118164,5.800000190734863,5.989999771118164,5.789999961853027,5.659999847412109,5.389999866485596,5.599999904632568,5.539999961853027,5.630000114440918,5.539999961853027,5.429999828338623,5.289999961853027,5.650000095367432,5.739999771118164,6.090000152587891,6.090000152587891,6.389999866485596,6.389999866485596,6.329999923706055,6.179999828338623,6.230000019073486,6.090000152587891,6.610000133514404,6.590000152587891,6.519999980926514,7.070000171661377,7.059999942779541,6.78000020980835,6.619999885559082,6.579999923706055,6.340000152587891,6.389999866485596,6.579999923706055,6.809999942779541,6.800000190734863,,,,,,,,,,,,,,,,,,,,
ZVRA,,,,,,,,,,,,,,,,,,8.6899995803833,8.970000267028809,8.920000076293945,9.050000190734863,9.170000076293945,9.350000381469727,9.460000038146973,9.619999885559082,9.760000228881836,9.729999542236328,9.270000457763672,9.199999809265137,9.050000190734863,8.84000015258789,9.5,8.890000343322754,8.729999542236328,8.8100004196167,8.520000457763672,9.109999656677246,9.229999542236328,9.760000228881836,9.819999694824219,9.989999771118164,9.90999984741211,10.039999961853027,10.010000228881836,9.859999656677246,10.050000190734863,10.239999771118164,10.869999885559082,10.640000343322754,11.100000381469727,11.319999694824219,12.079999923706055,12.210000038146973,12.479999542236328,13.350000381469727,14.619999885559082,14.399999618530273,15.0,15.029999732971191,15.470000267028809,13.930000305175781,14.069999694824219,14.09000015258789,14.300000190734863,14.25,14.270000457763672,13.199999809265137,13.1899995803833,12.819999694824219,13.3100004196167,12.949999809265137,12.789999961853027,12.6899995803833,12.960000038146973,13.3100004196167,13.220000267028809,12.15999984741211,11.640000343322754,11.300000190734863,10.989999771118164,10.789999961853027,11.119999885559082,11.359999656677246,10.989999771118164,10.75,10.75,10.760000228881836,10.989999771118164,10.3100004196167,10.09000015258789,10.300000190734863,9.890000343322754,9.720000267028809,9.779999732971191,9.869999885559082,10.229999542236328,10.029999732971191,10.039999961853027,10.1899995803833,9.100000381469727,8.90999984741211,,,,,,,,,,,,,,,,,,,,
VCEL,,,,,,,,,,,,,,,,,,,,62.41999816894531,62.060001373291016,59.150001525878906,56.59000015258789,53.099998474121094,52.650001525878906,49.72999954223633,50.0099983215332,47.20000076293945,47.86000061035156,50.77000045776367,51.02000045776367,51.47999954223633,51.72999954223633,52.5099983215332,52.72999954223633,52.84000015258789,52.959999084472656,54.25,55.97999954223633,56.5,56.4900016784668,55.459999084472656,54.720001220703125,55.70000076293945,58.349998474121094,58.54999923706055,57.189998626708984,57.65999984741211,57.58000183105469,57.77000045776367,57.470001220703125,59.540000915527344,60.97999954223633,61.349998474121094,61.22999954223633,61.060001373291016,64.79000091552734,65.76000213623047,67.4000015258789,67.80999755859375,57.77000045776367,52.5,52.630001068115234,51.77000045776367,53.95000076293945,55.5,54.58000183105469,53.060001373291016,53.93000030517578,53.56999969482422,52.029998779296875,52.150001525878906,50.689998626708984,49.90999984741211,52.349998474121094,54.38999938964844,52.84000015258789,53.2400016784668,51.63999938964844,53.310001373291016,54.15999984741211,53.77000045776367,52.939998626708984,53.09000015258789,51.720001220703125,49.18000030517578,50.61000061035156,49.209999084472656,49.369998931884766,46.709999084472656,46.349998474121094,47.75,47.06999969482422,48.68000030517578,49.810001373291016,49.47999954223633,49.7599983215332,50.20000076293945,52.5099983215332,52.709999084472656,53.77000045776367,52.630001068115234,55.61000061035156,,,,,,,,,,,,,,,,,,
MDWD,,,,,,,,,,,,,,,,,,,,31.709999084472656,34.09000015258789,32.7599983215332,29.610000610351562,27.299999237060547,31.290000915527344,28.770000457763672,30.450000762939453,27.860000610351562,27.020000457763672,27.3700008392334,25.829999923706055,26.389999389648438,25.760000228881836,25.200000762939453,24.7450008392334,24.989999771118164,23.65999984741211,24.709999084472656,24.5,23.799999237060547,24.56999969482422,23.940000534057617,24.149999618530273,24.010000228881836,24.56999969482422,25.899999618530273,28.0,31.989999771118164,31.56999969482422,31.56999969482422,31.989999771118164,32.34000015258789,32.20000076293945,33.599998474121094,33.11000061035156,33.38999938964844,34.22999954223633,34.93000030517578,39.970001220703125,39.47999954223633,28.489999771118164,26.809999465942383,28.700000762939453,27.649999618530273,29.959999084472656,30.3799991607666,30.309999465942383,32.060001373291016,30.030000686645508,28.700000762939453,29.75,32.40999984741211,32.40999984741211,31.43000030517578,30.799999237060547,29.889999389648438,29.469999313354492,27.299999237060547,27.15999984741211,28.700000762939453,28.139999389648438,28.559999465942383,26.600000381469727,27.09000015258789,26.31999969482422,25.6200008392334,26.459999084472656,25.969999313354492,26.809999465942383,26.600000381469727,24.709999084472656,25.200000762939453,24.639999389648438,24.010000228881836,23.8700008392334,24.43000030517578,24.149999618530273,24.709999084472656,24.850000381469727,25.549999237060547,25.40999984741211,24.989999771118164,24.989999771118164,,,,,,,,,,,,,,,,,,
INCY,,,,,,,,,,,,,,,,,,,82.91000366210938,82.68000030517578,83.16000366210938,82.68000030517578,83.77999877929688,82.88999938964844,82.26000213623047,82.9000015258789,83.33000183105469,85.11000061035156,84.80999755859375,86.19999694824219,87.52999877929688,82.58000183105469,82.63999938964844,82.76000213623047,83.12000274658203,83.12999725341797,83.95999908447266,84.93000030517578,85.08999633789062,85.12999725341797,86.12999725341797,86.83000183105469,85.61000061035156,84.69999694824219,84.12999725341797,84.0199966430664,83.58000183105469,83.33999633789062,82.12999725341797,81.43000030517578,82.04000091552734,81.18000030517578,80.62000274658203,79.87000274658203,79.98999786376953,78.33000183105469,77.55999755859375,79.20999908447266,79.13999938964844,78.62000274658203,79.30000305175781,77.30999755859375,76.33999633789062,78.01000213623047,77.4000015258789,77.3499984741211,78.47000122070312,77.94999694824219,77.33999633789062,76.91999816894531,76.30000305175781,75.30999755859375,73.62000274658203,72.9000015258789,72.9000015258789,73.47000122070312,73.98999786376953,75.66000366210938,74.54000091552734,74.51000213623047,74.9000015258789,75.52999877929688,75.54000091552734,75.76000213623047,75.1500015258789,75.68000030517578,76.05000305175781,76.48999786376953,77.02999877929688,77.2300033569336,76.08999633789062,74.69999694824219,74.05999755859375,72.69000244140625,71.12000274658203,72.44999694824219,72.23999786376953,73.44000244140625,75.04000091552734,75.98999786376953,75.91000366210938,,,,,,,,,,,,,,,,,,,,
FGEN,,,,,,,,,,,,,,,,,,,,25.81999969482422,25.3799991607666,25.84000015258789,26.290000915527344,26.959999084472656,27.81999969482422,27.649999618530273,28.799999237060547,29.09000015258789,27.670000076293945,27.639999389648438,27.010000228881836,26.6299991607666,26.5,26.639999389648438,25.059999465942383,25.049999237060547,26.40999984741211,26.469999313354492,25.389999389648438,24.59000015258789,24.84000015258789,24.84000015258789,14.350000381469727,13.720000267028809,14.40999984741211,14.1899995803833,13.640000343322754,13.270000457763672,13.079999923706055,13.050000190734863,13.3100004196167,12.84000015258789,13.0,13.319999694824219,13.279999732971191,13.399999618530273,13.84000015258789,13.729999542236328,13.789999961853027,13.1899995803833,12.430000305175781,12.59000015258789,12.399999618530273,12.020000457763672,11.970000267028809,12.0600004196167,11.470000267028809,12.109999656677246,12.210000038146973,12.100000381469727,11.869999885559082,11.449999809265137,11.550000190734863,11.5,11.630000114440918,12.390000343322754,12.5,12.399999618530273,12.40999984741211,12.0,11.789999961853027,11.34000015258789,11.729999542236328,11.529999732971191,11.699999809265137,11.720000267028809,11.6899995803833,11.270000457763672,11.239999771118164,10.180000305175781,10.739999771118164,10.800000190734863,10.8100004196167,10.420000076293945,10.3100004196167,10.220000267028809,10.34000015258789,9.930000305175781,10.25,10.199999809265137,10.34000015258789,10.420000076293945,,,,,,,,,,,,,,,,,,,
CARM,,,,,,,,,,,,,,,,,,85.0,84.0,85.19999694824219,90.0,87.0,83.4000015258789,82.80000305175781,82.4000015258789,83.80000305175781,83.4000015258789,90.19999694824219,93.19999694824219,92.4000015258789,90.4000015258789,85.0,82.0,77.5999984741211,78.4000015258789,81.4000015258789,77.5999984741211,76.80000305175781,76.4000015258789,73.4000015258789,75.4000015258789,78.5999984741211,77.19999694824219,82.5999984741211,80.80000305175781,77.19999694824219,75.0,76.80000305175781,77.0,75.0,74.5999984741211,78.5999984741211,79.80000305175781,77.19999694824219,83.4000015258789,83.80000305175781,78.4000015258789,76.4000015258789,80.80000305175781,98.19999694824219,42.20000076293945,24.399999618530273,30.200000762939453,26.200000762939453,22.200000762939453,20.0,22.600000381469727,21.0,21.399999618530273,20.0,19.520000457763672,18.399999618530273,18.959999084472656,19.739999771118164,21.399999618530273,20.399999618530273,20.0,19.100000381469727,19.520000457763672,19.399999618530273,18.760000228881836,18.459999084472656,18.719999313354492,18.579999923706055,18.15999984741211,16.65999984741211,16.100000381469727,15.920000076293945,17.719999313354492,16.65999984741211,16.459999084472656,15.600000381469727,15.319999694824219,15.859999656677246,15.640000343322754,14.800000190734863,15.520000457763672,14.5600004196167,14.800000190734863,14.680000305175781,14.800000190734863,,,,,,,,,,,,,,,,,,,,
OMER,,,,,,,,,,,,,,,,,,,,13.770000457763672,14.770000457763672,14.949999809265137,15.3100004196167,15.550000190734863,15.489999771118164,15.770000457763672,15.6899995803833,16.299999237060547,16.0,16.0,15.75,15.630000114440918,15.470000267028809,16.049999237060547,15.630000114440918,15.920000076293945,15.569999694824219,15.550000190734863,15.760000228881836,15.979999542236328,15.600000381469727,15.819999694824219,15.84000015258789,15.949999809265137,15.880000114440918,14.529999732971191,13.789999961853027,13.399999618530273,13.789999961853027,8.539999961853027,7.28000020980835,7.079999923706055,7.210000038146973,7.429999828338623,6.699999809265137,7.159999847412109,7.119999885559082,7.380000114440918,7.730000019073486,7.730000019073486,5.670000076293945,6.21999979019165,6.400000095367432,6.460000038146973,6.489999771118164,6.320000171661377,6.369999885559082,6.380000114440918,6.420000076293945,6.269999980926514,6.880000114440918,6.949999809265137,7.449999809265137,7.510000228881836,7.550000190734863,7.460000038146973,7.25,8.029999732971191,8.1899995803833,8.210000038146973,8.289999961853027,8.239999771118164,7.860000133514404,7.760000228881836,7.880000114440918,7.5,7.699999809265137,7.800000190734863,7.429999828338623,7.070000171661377,7.199999809265137,6.820000171661377,7.320000171661377,6.869999885559082,6.840000152587891,7.599999904632568,8.140000343322754,7.929999828338623,7.570000171661377,7.360000133514404,7.099999904632568,7.300000190734863,7.059999942779541,,,,,,,,,,,,,,,,,,
BYSI,,,,,,,,,,,,,,,,,,,,15.069999694824219,14.65999984741211,14.8100004196167,14.970000267028809,14.960000038146973,15.210000038146973,15.600000381469727,16.709999084472656,16.84000015258789,16.549999237060547,16.1299991607666,16.65999984741211,16.75,16.3700008392334,15.989999771118164,15.449999809265137,15.210000038146973,13.869999885559082,14.170000076293945,13.819999694824219,14.65999984741211,14.720000267028809,15.520000457763672,15.760000228881836,15.180000305175781,14.880000114440918,15.40999984741211,14.6899995803833,14.930000305175781,14.800000190734863,14.819999694824219,14.279999732971191,13.949999809265137,13.319999694824219,13.25,12.920000076293945,12.65999984741211,13.279999732971191,14.350000381469727,13.010000228881836,12.770000457763672,4.929999828338623,4.440000057220459,4.019999980926514,4.110000133514404,4.670000076293945,4.840000152587891,4.510000228881836,4.179999828338623,4.210000038146973,4.070000171661377,4.320000171661377,4.239999771118164,4.579999923706055,4.510000228881836,4.590000152587891,4.840000152587891,4.920000076293945,4.5,4.5,4.369999885559082,4.650000095367432,4.53000020980835,5.010000228881836,4.739999771118164,4.510000228881836,4.5,4.53000020980835,4.260000228881836,4.380000114440918,4.25,3.799999952316284,3.880000114440918,3.700000047683716,3.549999952316284,3.509999990463257,3.2799999713897705,3.2899999618530273,3.319999933242798,3.119999885559082,2.8299999237060547,3.009999990463257,,,,,,,,,,,,,,,,,,,,
FBIO,,,,,,,,,,,,,,,,,,,,,37.79999923706055,39.150001525878906,39.75,39.150001525878906,39.29999923706055,37.79999923706055,36.45000076293945,36.29999923706055,37.79999923706055,37.5,41.25,38.849998474121094,37.20000076293945,36.75,36.150001525878906,36.0,36.900001525878906,35.70000076293945,34.79999923706055,34.650001525878906,32.400001525878906,31.5,31.5,30.75,32.54999923706055,33.900001525878906,31.799999237060547,29.25,28.950000762939453,31.350000381469727,31.950000762939453,30.0,28.799999237060547,28.649999618530273,29.25,28.950000762939453,30.75,29.850000381469727,28.5,27.600000381469727,28.200000762939453,28.799999237060547,27.899999618530273,26.549999237060547,24.600000381469727,24.450000762939453,25.5,25.649999618530273,24.149999618530273,24.899999618530273,22.799999237060547,22.649999618530273,20.549999237060547,19.649999618530273,19.799999237060547,21.75,21.600000381469727,20.399999618530273,18.600000381469727,18.899999618530273,19.5,21.299999237060547,22.200000762939453,21.299999237060547,22.5,20.850000381469727,21.0,20.100000381469727,21.299999237060547,21.75,21.149999618530273,20.399999618530273,21.0,21.600000381469727,22.5,20.549999237060547,20.700000762939453,18.75,16.5,17.25,17.25,16.200000762939453,,,,,,,,,,,,,,,,,,,
ATXI,,,,,,,,,,,,,,,,,,,,,13.949999809265137,13.725000381469727,14.234999656677246,14.25,15.300000190734863,14.699999809265137,14.34000015258789,13.305000305175781,13.21500015258789,13.619999885559082,14.414999961853027,13.949999809265137,13.40999984741211,13.4399995803833,13.425000190734863,12.885000228881836,13.5,13.694999694824219,13.229999542236328,13.199999809265137,12.149999618530273,12.449999809265137,11.024999618530273,10.350000381469727,9.555000305175781,10.800000190734863,10.739999771118164,10.350000381469727,10.649999618530273,10.96500015258789,11.595000267028809,11.130000114440918,11.145000457763672,11.1899995803833,10.829999923706055,10.96500015258789,10.649999618530273,8.925000190734863,9.300000190734863,9.149999618530273,9.149999618530273,4.695000171661377,4.425000190734863,3.944999933242798,3.5250000953674316,3.2249999046325684,3.674999952316284,3.75,5.099999904632568,9.104999542236328,9.899999618530273,9.539999961853027,12.630000114440918,11.475000381469727,10.949999809265137,10.199999809265137,10.890000343322754,10.649999618530273,10.380000114440918,10.395000457763672,10.005000114440918,10.274999618530273,10.21500015258789,10.635000228881836,10.199999809265137,10.484999656677246,9.65999984741211,9.225000381469727,7.275000095367432,7.605000019073486,7.710000038146973,7.230000019073486,6.449999809265137,6.945000171661377,7.050000190734863,6.885000228881836,6.284999847412109,7.199999809265137,6.255000114440918,6.570000171661377,7.380000114440918,7.199999809265137,,,,,,,,,,,,,,,,,,,
AXSM,,,,,,,,,,,,,,,,,,,,30.459999084472656,29.90999984741211,28.850000381469727,28.25,31.1299991607666,31.90999984741211,32.790000915527344,28.600000381469727,29.1299991607666,31.510000228881836,34.18000030517578,33.61000061035156,33.29999923706055,34.439998626708984,34.56999969482422,35.97999954223633,35.36000061035156,35.11000061035156,39.310001373291016,40.02000045776367,41.38999938964844,43.90999984741211,46.380001068115234,46.75,46.720001220703125,44.20000076293945,40.689998626708984,40.439998626708984,38.349998474121094,38.0,36.86000061035156,32.70000076293945,40.91999816894531,43.040000915527344,39.599998474121094,39.099998474121094,30.5,29.989999771118164,30.5,32.0,31.75,34.040000915527344,35.84000015258789,38.5,36.7400016784668,29.81999969482422,26.81999969482422,29.290000915527344,25.790000915527344,25.34000015258789,27.899999618530273,30.81999969482422,33.58000183105469,31.1299991607666,31.510000228881836,31.649999618530273,28.15999984741211,26.049999237060547,25.270000457763672,24.1299991607666,26.459999084472656,25.0,24.030000686645508,24.780000686645508,25.530000686645508,25.969999313354492,28.489999771118164,27.670000076293945,26.020000457763672,24.350000381469727,22.18000030517578,22.6200008392334,23.0,21.739999771118164,22.690000534057617,22.8799991607666,23.56999969482422,24.75,24.459999084472656,37.029998779296875,37.959999084472656,36.4900016784668,38.29999923706055,,,,,,,,,,,,,,,,,,,
ETON,,,,,,,,,,,,,,,,,,4.150000095367432,4.25,4.25,4.360000133514404,4.320000171661377,4.380000114440918,4.28000020980835,4.230000019073486,4.199999809265137,4.25,3.809999942779541,3.869999885559082,3.940000057220459,3.869999885559082,3.7899999618530273,3.930000066757202,3.9600000381469727,3.8499999046325684,3.7899999618530273,3.7899999618530273,3.6700000762939453,3.680000066757202,3.640000104904175,3.5299999713897705,3.569999933242798,3.509999990463257,3.619999885559082,3.5799999237060547,3.549999952316284,3.2699999809265137,3.1500000953674316,3.069999933242798,2.890000104904175,3.109999895095825,3.2100000381469727,3.2699999809265137,3.1700000762939453,3.190000057220459,3.259999990463257,3.259999990463257,3.200000047683716,3.240000009536743,3.3499999046325684,3.1700000762939453,3.0399999618530273,2.9800000190734863,3.0399999618530273,2.930000066757202,2.9100000858306885,3.0,3.0299999713897705,2.9800000190734863,2.9200000762939453,2.859999895095825,2.8499999046325684,2.940000057220459,2.9000000953674316,2.930000066757202,2.9100000858306885,2.9000000953674316,2.9100000858306885,2.9600000381469727,2.880000114440918,2.549999952316284,2.569999933242798,2.619999885559082,2.609999895095825,2.619999885559082,2.6600000858306885,2.8499999046325684,2.8299999237060547,2.6600000858306885,2.630000114440918,2.6700000762939453,2.700000047683716,2.7899999618530273,3.0299999713897705,2.680000066757202,2.809999942779541,2.799999952316284,2.7200000286102295,2.700000047683716,,,,,,,,,,,,,,,,,,,,,,
RYTM,,,,,,,,,,,,,,,,,,,8.140000343322754,8.260000228881836,8.210000038146973,8.0,8.020000457763672,8.069999694824219,7.599999904632568,7.039999961853027,6.650000095367432,6.260000228881836,6.300000190734863,6.130000114440918,5.510000228881836,4.840000152587891,4.28000020980835,3.7200000286102295,3.450000047683716,3.430000066757202,3.440000057220459,3.240000009536743,3.2200000286102295,3.3399999141693115,3.1500000953674316,3.119999885559082,3.2699999809265137,3.4100000858306885,3.359999895095825,3.25,3.2200000286102295,3.359999895095825,3.440000057220459,3.369999885559082,3.4000000953674316,3.7200000286102295,3.380000114440918,3.7699999809265137,4.150000095367432,4.239999771118164,3.619999885559082,3.1700000762939453,3.3399999141693115,3.450000047683716,3.9000000953674316,3.940000057220459,4.199999809265137,4.769999980926514,4.619999885559082,4.349999904632568,4.679999828338623,4.340000152587891,4.269999980926514,4.150000095367432,4.300000190734863,4.400000095367432,4.739999771118164,4.760000228881836,4.889999866485596,4.690000057220459,6.670000076293945,8.770000457763672,8.050000190734863,10.010000228881836,11.380000114440918,10.579999923706055,13.210000038146973,14.75,13.15999984741211,11.5600004196167,11.699999809265137,11.789999961853027,13.5,12.600000381469727,12.449999809265137,14.170000076293945,17.530000686645508,18.59000015258789,20.239999771118164,21.1299991607666,22.649999618530273,21.5,19.940000534057617,21.799999237060547,,,,,,,,,,,,,,,,,,,,,
SPRO,,,,,,,,,,,,,,,,,,,,,5.010000228881836,4.860000133514404,5.090000152587891,1.850000023841858,1.75,1.840000033378601,2.069999933242798,1.8899999856948853,1.7599999904632568,1.7000000476837158,1.7000000476837158,1.7100000381469727,1.7100000381469727,1.649999976158142,1.440000057220459,1.440000057220459,1.3799999952316284,1.3300000429153442,1.2300000190734863,1.2000000476837158,1.2000000476837158,1.2400000095367432,1.1799999475479126,1.0700000524520874,1.0399999618530273,1.0399999618530273,1.1299999952316284,1.25,1.190000057220459,1.159999966621399,1.0700000524520874,1.0199999809265137,0.9670000076293945,0.9589999914169312,0.8899999856948853,0.9380000233650208,0.9259999990463257,1.0099999904632568,1.0499999523162842,0.9399999976158142,0.9399999976158142,0.7720000147819519,0.8040000200271606,0.7409999966621399,0.8270000219345093,0.7799999713897705,0.781000018119812,0.8059999942779541,0.824999988079071,0.7710000276565552,0.7580000162124634,0.7699999809265137,0.7990000247955322,0.7900000214576721,0.7680000066757202,0.7760000228881836,0.7649999856948853,0.7799999713897705,0.753000020980835,0.7879999876022339,0.7680000066757202,0.777999997138977,0.7200000286102295,0.7319999933242798,0.6850000023841858,0.6800000071525574,0.7549999952316284,0.7870000004768372,0.800000011920929,0.8209999799728394,0.7760000228881836,0.8500000238418579,0.7789999842643738,0.7799999713897705,0.9039999842643738,0.8960000276565552,1.0700000524520874,1.0299999713897705,0.9829999804496765,0.9599999785423279,0.9509999752044678,0.9350000023841858,1.0099999904632568,,,,,,,,,,,,,,,,,,
ACAD,,,,,,,,,,,,,,,,,,,16.93000030517578,18.270000457763672,18.1200008392334,17.43000030517578,17.09000015258789,16.770000457763672,16.25,18.770000457763672,19.510000228881836,19.510000228881836,13.010000228881836,13.430000305175781,14.720000267028809,14.979999542236328,14.640000343322754,14.0,14.220000267028809,14.09000015258789,14.369999885559082,15.270000457763672,15.119999885559082,15.710000038146973,15.739999771118164,15.920000076293945,15.529999732971191,15.989999771118164,15.739999771118164,15.279999732971191,15.010000228881836,15.470000267028809,15.09000015258789,14.979999542236328,14.420000076293945,14.229999542236328,14.15999984741211,14.770000457763672,14.579999923706055,14.6899995803833,14.109999656677246,15.010000228881836,14.970000267028809,15.619999885559082,16.440000534057617,16.6200008392334,16.219999313354492,16.149999618530273,15.739999771118164,16.399999618530273,16.600000381469727,16.959999084472656,17.059999465942383,17.3700008392334,16.90999984741211,16.75,16.8799991607666,17.139999389648438,16.84000015258789,16.530000686645508,16.469999313354492,16.1200008392334,16.43000030517578,16.8700008392334,16.729999542236328,16.1299991607666,16.850000381469727,17.420000076293945,17.3799991607666,17.90999984741211,16.899999618530273,17.43000030517578,18.270000457763672,18.020000457763672,17.8700008392334,18.15999984741211,17.06999969482422,16.989999771118164,16.75,16.280000686645508,16.729999542236328,16.790000915527344,16.139999389648438,16.360000610351562,17.040000915527344,,,,,,,,,,,,,,,,,,,,
SUPN,,,,,,,,,,,,,,,,,,,,31.260000228881836,32.790000915527344,33.9900016784668,33.97999954223633,33.5099983215332,33.86000061035156,35.5099983215332,35.290000915527344,35.130001068115234,35.20000076293945,35.060001373291016,33.84000015258789,33.75,33.5,34.22999954223633,35.040000915527344,34.38999938964844,34.11000061035156,34.220001220703125,34.54999923706055,34.650001525878906,35.11000061035156,34.630001068115234,34.630001068115234,34.83000183105469,34.900001525878906,35.40999984741211,34.54999923706055,34.290000915527344,32.939998626708984,33.08000183105469,32.540000915527344,31.799999237060547,33.40999984741211,33.279998779296875,33.849998474121094,33.5,34.2599983215332,33.75,34.06999969482422,33.290000915527344,31.739999771118164,31.309999465942383,31.09000015258789,32.13999938964844,32.459999084472656,33.54999923706055,33.97999954223633,33.470001220703125,32.900001525878906,33.63999938964844,33.88999938964844,34.2599983215332,34.560001373291016,34.08000183105469,34.77000045776367,34.27000045776367,34.310001373291016,34.34000015258789,34.310001373291016,34.0,34.720001220703125,34.70000076293945,32.68000030517578,34.27000045776367,35.029998779296875,34.5,34.0,33.720001220703125,34.08000183105469,34.529998779296875,34.630001068115234,34.93000030517578,34.84000015258789,35.209999084472656,35.599998474121094,36.0,36.720001220703125,37.02000045776367,37.5099983215332,35.61000061035156,35.599998474121094,35.61000061035156,35.58000183105469,,,,,,,,,,,,,,,,,,
YMAB,,,,,,,,,,,,,,,,,,,13.279999732971191,13.789999961853027,14.399999618530273,14.319999694824219,13.789999961853027,14.0,14.020000457763672,14.039999961853027,14.289999961853027,14.420000076293945,14.789999961853027,14.260000228881836,14.489999771118164,14.09000015258789,15.0,14.8100004196167,15.170000076293945,11.010000228881836,8.850000381469727,8.930000305175781,3.609999895095825,3.3499999046325684,3.2799999713897705,3.0,3.369999885559082,3.3499999046325684,3.890000104904175,4.03000020980835,4.619999885559082,4.559999942779541,4.840000152587891,4.460000038146973,3.9200000762939453,3.950000047683716,4.079999923706055,3.9700000286102295,4.190000057220459,4.289999961853027,4.190000057220459,4.179999828338623,4.340000152587891,4.46999979019165,4.5,4.239999771118164,4.409999847412109,4.309999942779541,4.630000114440918,4.599999904632568,4.360000133514404,4.880000114440918,4.909999847412109,5.079999923706055,5.179999828338623,5.0,4.559999942779541,4.940000057220459,4.789999961853027,4.769999980926514,4.590000152587891,4.21999979019165,4.440000057220459,4.699999809265137,4.880000114440918,4.809999942779541,5.110000133514404,4.710000038146973,4.769999980926514,4.679999828338623,4.630000114440918,4.579999923706055,4.849999904632568,4.769999980926514,4.699999809265137,4.690000057220459,4.539999961853027,4.46999979019165,4.429999828338623,4.71999979019165,4.730000019073486,4.550000190734863,4.440000057220459,,,,,,,,,,,,,,,,,,,,,,
CYTK,,,,,,,,,,,,,,,,,,,,,,45.81999969482422,44.349998474121094,42.70000076293945,42.529998779296875,43.150001525878906,42.29999923706055,43.41999816894531,41.27000045776367,42.81999969482422,42.459999084472656,42.720001220703125,42.52000045776367,41.93000030517578,41.790000915527344,42.20000076293945,43.150001525878906,42.959999084472656,43.25,43.119998931884766,41.060001373291016,42.47999954223633,42.83000183105469,44.560001373291016,45.0099983215332,44.84000015258789,44.97999954223633,43.88999938964844,44.29999923706055,43.58000183105469,43.869998931884766,43.349998474121094,42.869998931884766,44.130001068115234,45.709999084472656,42.040000915527344,41.7400016784668,43.09000015258789,42.810001373291016,42.97999954223633,43.36000061035156,43.11000061035156,39.599998474121094,41.95000076293945,39.130001068115234,40.11000061035156,39.2400016784668,36.86000061035156,35.599998474121094,37.27000045776367,37.7599983215332,37.27000045776367,37.060001373291016,35.33000183105469,35.20000076293945,36.18000030517578,34.369998931884766,33.630001068115234,33.36000061035156,34.529998779296875,34.97999954223633,35.25,34.209999084472656,35.189998626708984,37.709999084472656,36.33000183105469,36.15999984741211,36.41999816894531,34.9900016784668,35.29999923706055,34.04999923706055,35.93000030517578,34.779998779296875,36.40999984741211,36.79999923706055,37.93000030517578,36.59000015258789,38.34000015258789,38.31999969482422,37.86000061035156,37.13999938964844,37.86000061035156,37.400001525878906,,,,,,,,,,,,,,,,,,
INCY,,,,,,,,,,,,,,,,,,,83.4800033569336,83.63999938964844,84.97000122070312,86.01000213623047,85.69999694824219,83.6500015258789,85.13999938964844,85.5999984741211,84.48999786376953,83.61000061035156,84.36000061035156,80.95999908447266,80.5,81.23999786376953,79.26000213623047,80.08000183105469,79.36000061035156,79.3499984741211,78.23999786376953,79.0,78.48999786376953,78.51000213623047,77.66000366210938,77.0199966430664,76.61000061035156,76.9800033569336,77.83000183105469,77.30999755859375,77.55999755859375,75.8499984741211,74.37999725341797,73.79000091552734,72.86000061035156,72.01000213623047,73.18000030517578,74.0,72.47000122070312,73.97000122070312,73.62000274658203,74.22000122070312,73.48999786376953,72.26000213623047,72.26000213623047,70.2300033569336,70.80999755859375,70.30999755859375,71.13999938964844,71.04000091552734,72.2699966430664,72.66000366210938,72.6500015258789,73.77999877929688,75.51000213623047,73.93000030517578,74.16999816894531,73.94000244140625,75.33000183105469,74.5,75.0,73.80000305175781,73.80999755859375,73.8499984741211,74.58999633789062,75.25,73.55000305175781,73.52999877929688,73.6500015258789,74.41000366210938,75.33999633789062,69.95999908447266,68.04000091552734,66.19000244140625,66.55999755859375,65.79000091552734,64.7699966430664,63.91999816894531,64.16999816894531,65.27999877929688,66.19999694824219,64.69999694824219,64.55000305175781,63.630001068115234,63.56999969482422,,,,,,,,,,,,,,,,,,,,
EGRX,,,,,,,,,,,,,,,,,,,,,29.649999618530273,29.850000381469727,31.239999771118164,31.8700008392334,30.989999771118164,31.3700008392334,30.299999237060547,30.75,29.709999084472656,28.8700008392334,27.809999465942383,28.399999618530273,27.850000381469727,27.6200008392334,27.700000762939453,27.540000915527344,27.690000534057617,27.940000534057617,28.079999923706055,28.110000610351562,28.190000534057617,28.3799991607666,28.3700008392334,28.649999618530273,29.170000076293945,25.290000915527344,21.110000610351562,20.959999084472656,20.59000015258789,21.024999618530273,19.940000534057617,20.149999618530273,20.5,21.229999542236328,21.31999969482422,20.989999771118164,20.920000076293945,20.360000610351562,20.450000762939453,20.459999084472656,20.75,20.700000762939453,21.530000686645508,18.969999313354492,18.299999237060547,18.850000381469727,18.860000610351562,18.8799991607666,19.399999618530273,18.670000076293945,17.739999771118164,18.959999084472656,18.8700008392334,19.700000762939453,19.6200008392334,19.90999984741211,20.56999969482422,20.68000030517578,20.049999237060547,19.559999465942383,19.469999313354492,19.440000534057617,19.799999237060547,19.940000534057617,19.989999771118164,19.299999237060547,18.190000534057617,18.299999237060547,17.940000534057617,17.350000381469727,18.3700008392334,18.350000381469727,19.040000915527344,19.770000457763672,19.510000228881836,19.6299991607666,19.420000076293945,18.360000610351562,18.770000457763672,18.56999969482422,18.600000381469727,,,,,,,,,,,,,,,,,,,,
ALDX,,,,,,,,,,,,,,,,,,,,,9.449999809265137,9.079999923706055,9.069999694824219,9.050000190734863,9.529999732971191,10.079999923706055,10.180000305175781,10.180000305175781,10.390000343322754,10.569999694824219,10.65999984741211,10.260000228881836,10.229999542236328,10.350000381469727,10.15999984741211,10.210000038146973,10.020000457763672,9.850000381469727,9.649999618530273,9.850000381469727,9.760000228881836,9.819999694824219,9.609999656677246,9.199999809265137,9.369999885559082,9.34000015258789,9.489999771118164,10.369999885559082,10.649999618530273,11.350000381469727,11.300000190734863,11.479999542236328,11.890000343322754,11.09000015258789,10.609999656677246,10.390000343322754,10.454999923706055,10.869999885559082,10.520000457763672,10.640000343322754,7.71999979019165,7.75,7.110000133514404,7.510000228881836,7.460000038146973,7.730000019073486,7.900000095367432,8.390000343322754,7.980000019073486,7.829999923706055,7.760000228881836,7.710000038146973,7.960000038146973,7.860000133514404,7.849999904632568,7.789999961853027,7.840000152587891,8.020000457763672,8.15999984741211,8.09000015258789,7.989999771118164,7.989999771118164,8.09000015258789,7.809999942779541,7.940000057220459,7.639999866485596,7.96999979019165,8.114999771118164,8.0,7.96999979019165,7.920000076293945,8.029999732971191,7.53000020980835,7.440000057220459,7.579999923706055,7.619999885559082,7.690000057220459,7.670000076293945,7.860000133514404,7.449999809265137,7.25,7.329999923706055,,,,,,,,,,,,,,,,,,,
ETON,,,,,,,,,,,,,,,,,,,,,3.4700000286102295,3.6700000762939453,3.7300000190734863,3.559999942779541,3.5999999046325684,3.4700000286102295,3.640000104904175,3.509999990463257,3.4700000286102295,3.609999895095825,3.5399999618530273,3.5999999046325684,3.690000057220459,3.630000114440918,3.6700000762939453,3.690000057220459,3.880000114440918,3.9700000286102295,3.7899999618530273,3.859999895095825,3.859999895095825,3.9600000381469727,3.9000000953674316,3.880000114440918,3.819999933242798,3.8399999141693115,3.859999895095825,3.890000104904175,3.869999885559082,3.880000114440918,3.819999933242798,3.640000104904175,3.6600000858306885,3.9700000286102295,3.9600000381469727,3.4800000190734863,3.8499999046325684,3.9600000381469727,4.03000020980835,4.039999961853027,3.3399999141693115,3.319999933242798,3.490000009536743,3.509999990463257,3.4700000286102295,3.2699999809265137,3.25,3.25,3.369999885559082,3.1700000762939453,3.130000114440918,2.9700000286102295,2.990000009536743,3.009999990463257,3.009999990463257,3.0,2.9700000286102295,2.930000066757202,2.7300000190734863,2.8299999237060547,2.7200000286102295,2.549999952316284,2.819999933242798,2.819999933242798,2.8299999237060547,2.569999933242798,2.700000047683716,2.6700000762939453,2.609999895095825,2.640000104904175,2.5999999046325684,3.5899999141693115,4.039999961853027,4.739999771118164,4.340000152587891,3.990000009536743,4.260000228881836,4.489999771118164,4.579999923706055,4.46999979019165,4.909999847412109,4.869999885559082,,,,,,,,,,,,,,,,,,,
AMRX,,,,,,,,,,,,,,,,,,,,,1.840000033378601,1.9199999570846558,2.0199999809265137,1.8600000143051147,1.7799999713897705,1.8799999952316284,1.9199999570846558,2.0199999809265137,2.0299999713897705,2.0799999237060547,2.25,2.309999942779541,2.2899999618530273,2.25,2.2799999713897705,2.25,2.2699999809265137,2.390000104904175,2.3399999141693115,2.509999990463257,2.549999952316284,2.559999942779541,2.5399999618530273,2.4600000381469727,2.4000000953674316,2.440000057220459,2.5199999809265137,2.5799999237060547,2.6700000762939453,2.700000047683716,2.7100000381469727,2.950000047683716,2.940000057220459,2.890000104904175,2.880000114440918,2.8499999046325684,2.869999885559082,2.7899999618530273,2.869999885559082,3.0999999046325684,3.049999952316284,2.759999990463257,2.9600000381469727,3.130000114440918,3.009999990463257,3.049999952316284,3.0299999713897705,3.0399999618530273,3.0299999713897705,3.180000066757202,3.240000009536743,3.2200000286102295,3.549999952316284,3.369999885559082,3.2799999713897705,3.059999942779541,3.049999952316284,3.0299999713897705,3.1600000858306885,3.200000047683716,3.1700000762939453,3.190000057220459,3.359999895095825,4.110000133514404,4.590000152587891,4.480000019073486,4.230000019073486,4.230000019073486,3.9700000286102295,3.930000066757202,3.9100000858306885,3.6600000858306885,3.700000047683716,3.7300000190734863,3.809999942779541,4.050000190734863,4.090000152587891,4.03000020980835,3.9100000858306885,4.079999923706055,4.230000019073486,4.099999904632568,4.090000152587891,,,,,,,,,,,,,,,,,,
CTXR,,,,,,,,,,,,,,,,,,,,1.100000023841858,1.159999966621399,1.2400000095367432,1.3200000524520874,1.2899999618530273,1.2799999713897705,1.2799999713897705,1.25,1.2100000381469727,1.2200000286102295,1.2599999904632568,1.2100000381469727,1.2599999904632568,1.2300000190734863,1.25,1.2799999713897705,1.2999999523162842,1.2899999618530273,1.3600000143051147,1.284999966621399,1.2400000095367432,1.1799999475479126,1.2000000476837158,1.25,1.2300000190734863,1.1299999952316284,1.2000000476837158,1.2200000286102295,1.1799999475479126,1.190000057220459,1.2100000381469727,1.190000057220459,1.2400000095367432,1.2300000190734863,1.2000000476837158,1.190000057220459,1.1699999570846558,1.159999966621399,1.1399999856948853,1.1200000047683716,1.090000033378601,1.1200000047683716,0.9900000095367432,0.9549999833106995,0.9139999747276306,0.9779999852180481,0.9210000038146973,0.9300000071525574,0.9440000057220459,0.9210000038146973,0.9959999918937683,0.9520000219345093,0.9229999780654907,0.8610000014305115,0.8690000176429749,0.8920000195503235,0.9039999842643738,0.9070000052452087,0.9100000262260437,0.9049999713897705,0.8939999938011169,0.9679999947547913,0.9340000152587891,0.9300000071525574,0.9290000200271606,0.9120000004768372,0.9309999942779541,0.9039999842643738,0.8569999933242798,0.875,0.8849999904632568,0.796999990940094,0.781000018119812,0.7300000190734863,0.7599999904632568,0.7590000033378601,0.7360000014305115,0.7160000205039978,0.6959999799728394,0.6919999718666077,0.6980000138282776,0.6600000262260437,,,,,,,,,,,,,,,,,,,,
MESO,,,,,,,,,,,,,,,,,,,,7.320000171661377,7.199999809265137,7.179999828338623,7.039999961853027,7.079999923706055,7.179999828338623,7.179999828338623,7.380000114440918,7.360000133514404,7.980000019073486,8.600000381469727,8.880000114440918,8.399999618530273,8.0600004196167,7.679999828338623,7.360000133514404,7.519999980926514,7.800000190734863,7.820000171661377,7.980000019073486,7.820000171661377,7.699999809265137,7.820000171661377,7.679999828338623,8.180000305175781,8.680000305175781,9.319999694824219,9.600000381469727,9.579999923706055,9.600000381469727,9.5,9.420000076293945,9.65999984741211,8.859999656677246,7.960000038146973,8.300000190734863,8.300000190734863,8.0,8.0,7.980000019073486,7.980000019073486,7.980000019073486,3.2799999713897705,2.819999933242798,2.740000009536743,2.4600000381469727,2.5,2.5,2.5,2.5399999618530273,2.5999999046325684,2.4600000381469727,2.5199999809265137,2.7200000286102295,2.9600000381469727,3.240000009536743,3.2799999713897705,3.0,3.059999942779541,2.9600000381469727,2.859999895095825,3.2200000286102295,2.9800000190734863,3.0,3.0,2.9800000190734863,3.0399999618530273,3.0999999046325684,3.0999999046325684,2.9000000953674316,2.9800000190734863,2.8399999141693115,2.8399999141693115,2.700000047683716,2.619999885559082,2.5199999809265137,2.4800000190734863,2.440000057220459,2.4600000381469727,2.4600000381469727,2.5,2.4600000381469727,,,,,,,,,,,,,,,,,,,,
SAGE,,,,,,,,,,,,,,,,,,,51.93000030517578,53.7400016784668,56.529998779296875,56.70000076293945,59.540000915527344,57.65999984741211,58.77000045776367,58.040000915527344,56.099998474121094,55.22999954223633,55.380001068115234,55.220001220703125,54.599998474121094,49.7599983215332,47.93000030517578,47.04999923706055,46.84000015258789,46.970001220703125,47.02000045776367,48.16999816894531,47.13999938964844,45.59000015258789,45.7599983215332,47.31999969482422,48.97999954223633,47.72999954223633,47.59000015258789,46.59000015258789,46.470001220703125,45.900001525878906,45.59000015258789,45.529998779296875,44.72999954223633,43.95000076293945,41.84000015258789,36.20500183105469,35.79999923706055,34.959999084472656,34.68000030517578,36.0,36.7400016784668,36.0099983215332,36.099998474121094,16.75,18.93000030517578,18.989999771118164,19.360000610351562,21.770000457763672,21.6299991607666,21.25,20.3700008392334,20.010000228881836,19.8700008392334,19.6299991607666,19.75,19.75,19.770000457763672,19.93000030517578,19.940000534057617,19.860000610351562,19.719999313354492,20.0,20.290000915527344,20.56999969482422,20.639999389648438,20.889999389648438,21.610000610351562,21.649999618530273,23.440000534057617,22.65999984741211,21.489999771118164,21.020000457763672,20.299999237060547,20.450000762939453,19.899999618530273,19.600000381469727,19.559999465942383,19.260000228881836,20.84000015258789,21.309999465942383,20.719999313354492,20.579999923706055,19.760000228881836,,,,,,,,,,,,,,,,,,,,
GRTX,,,,,,,,,,,,,,,,,,,,,3.4200000762939453,3.4149999618530273,3.2699999809265137,3.390000104904175,3.055000066757202,3.069999933242798,2.9800000190734863,2.75,2.740000009536743,2.630000114440918,2.5999999046325684,2.7899999618530273,2.9800000190734863,3.119999885559082,3.0,2.950000047683716,2.9200000762939453,2.930000066757202,2.930000066757202,2.869999885559082,2.809999942779541,2.75,2.75,2.9700000286102295,2.869999885559082,2.890000104904175,2.809999942779541,2.740000009536743,2.5799999237060547,2.440000057220459,2.430000066757202,2.369999885559082,2.680000066757202,2.4600000381469727,2.2699999809265137,2.140000104904175,2.2300000190734863,2.25,2.1700000762939453,2.109999895095825,2.240000009536743,0.36000001430511475,0.32199999690055847,0.30000001192092896,0.27000001072883606,0.25099998712539673,0.23199999332427979,0.22100000083446503,0.22499999403953552,0.2150000035762787,0.21400000154972076,0.2160000056028366,0.21799999475479126,0.20600000023841858,0.20900000631809235,0.210999995470047,0.20999999344348907,0.21199999749660492,0.2150000035762787,0.21400000154972076,0.20399999618530273,0.1979999989271164,0.1940000057220459,0.19499999284744263,0.1979999989271164,0.19200000166893005,0.1889999955892563,0.19099999964237213,0.20499999821186066,0.1899999976158142,0.17399999499320984,0.1770000010728836,0.17299999296665192,0.18299999833106995,0.17800000309944153,0.18000000715255737,0.17499999701976776,0.17399999499320984,0.17299999296665192,0.17399999499320984,0.17499999701976776,0.17000000178813934,,,,,,,,,,,,,,,,,,,
IPSEY,,,,,,,,,,,,,,,,,,,,31.6299991607666,31.6299991607666,33.18000030517578,33.380001068115234,32.61000061035156,32.61000061035156,33.29999923706055,33.20000076293945,33.29999923706055,32.25,31.5,31.5,31.5,31.959999084472656,31.959999084472656,31.959999084472656,31.959999084472656,31.959999084472656,31.959999084472656,31.959999084472656,31.834999084472656,30.594999313354492,30.594999313354492,31.75,31.709999084472656,32.60499954223633,33.83300018310547,34.3380012512207,34.3380012512207,34.3380012512207,34.0,34.0,34.0,32.900001525878906,32.900001525878906,32.65999984741211,32.65999984741211,32.65999984741211,32.65999984741211,32.65999984741211,32.65999984741211,32.119998931884766,31.8799991607666,31.985000610351562,31.729999542236328,32.02000045776367,32.02000045776367,32.02000045776367,31.7450008392334,31.7450008392334,31.7450008392334,31.55500030517578,31.3700008392334,30.56999969482422,30.049999237060547,30.260000228881836,31.523000717163086,32.06999969482422,29.739999771118164,29.520000457763672,30.09000015258789,29.709999084472656,29.709999084472656,29.565000534057617,29.219999313354492,29.360000610351562,29.190000534057617,29.299999237060547,28.799999237060547,27.690000534057617,28.139999389648438,28.399999618530273,27.674999237060547,28.100000381469727,29.533000946044922,28.992000579833984,28.18000030517578,28.170000076293945,28.639999389648438,28.31999969482422,28.020000457763672,28.079999923706055,28.020000457763672,28.3799991607666,,,,,,,,,,,,,,,,,,
ALNY,,,,,,,,,,,,,,,,,,,,185.02999877929688,185.7899932861328,181.35000610351562,180.1300048828125,182.42999267578125,183.88999938964844,186.02999877929688,188.72999572753906,189.3800048828125,190.3800048828125,186.77000427246094,189.25999450683594,191.66000366210938,194.4600067138672,197.16000366210938,197.82000732421875,201.1699981689453,200.33999633789062,201.4499969482422,201.10000610351562,201.42999267578125,203.72000122070312,211.64999389648438,211.64999389648438,193.05999755859375,184.99000549316406,179.77000427246094,175.66000366210938,175.52000427246094,173.85000610351562,171.5500030517578,170.77000427246094,175.0500030517578,176.86000061035156,174.02999877929688,177.10000610351562,178.9600067138672,172.91000366210938,169.1699981689453,178.7100067138672,176.9199981689453,168.32000732421875,169.05999755859375,167.82000732421875,165.2899932861328,168.1199951171875,167.25,165.97999572753906,165.0800018310547,160.5,161.7899932861328,162.0,163.9600067138672,159.49000549316406,155.66000366210938,151.75999450683594,151.41000366210938,151.8000030517578,157.0,161.52999877929688,167.35000610351562,167.14999389648438,170.1999969482422,169.39999389648438,164.52000427246094,161.88999938964844,165.00999450683594,169.99000549316406,171.0500030517578,168.97000122070312,163.72999572753906,165.25999450683594,163.67999267578125,162.8800048828125,162.9199981689453,159.1999969482422,161.36000061035156,164.00999450683594,168.25,171.41000366210938,172.8699951171875,170.3699951171875,175.02000427246094,177.25999450683594,,,,,,,,,,,,,,,,,,
ALDX,,,,,,,,,,,,,,,,,,,,6.260000228881836,6.679999828338623,6.059999942779541,5.855000019073486,5.610000133514404,5.820000171661377,5.880000114440918,5.769999980926514,5.940000057220459,5.53000020980835,5.389999866485596,5.429999828338623,1.8300000429153442,1.840000033378601,1.7300000190734863,1.659999966621399,1.649999976158142,1.4900000095367432,1.590000033378601,1.5499999523162842,1.5700000524520874,1.4700000286102295,1.5399999618530273,1.7100000381469727,2.5399999618530273,2.0899999141693115,2.2100000381469727,2.25,2.7699999809265137,2.609999895095825,2.3550000190734863,2.2850000858306885,2.4600000381469727,2.5799999237060547,2.5199999809265137,2.490000009536743,2.8499999046325684,2.6600000858306885,2.440000057220459,2.5299999713897705,2.5299999713897705,2.619999885559082,2.700000047683716,2.7699999809265137,2.7699999809265137,2.859999895095825,3.2699999809265137,3.119999885559082,3.1500000953674316,3.240000009536743,3.1600000858306885,2.8499999046325684,2.869999885559082,3.0799999237060547,2.9800000190734863,3.0199999809265137,2.9600000381469727,3.509999990463257,3.359999895095825,3.3499999046325684,3.4800000190734863,3.440000057220459,3.630000114440918,3.609999895095825,3.509999990463257,3.5399999618530273,3.3499999046325684,3.3399999141693115,3.2300000190734863,3.3499999046325684,3.369999885559082,3.3399999141693115,3.200000047683716,3.2100000381469727,3.2699999809265137,3.200000047683716,3.0399999618530273,3.0799999237060547,3.0899999141693115,3.069999933242798,3.0,3.0399999618530273,,,,,,,,,,,,,,,,,,,,
FBIO,,,,,,,,,,,,,,,,,,,,2.0299999713897705,1.8600000143051147,1.7400000095367432,1.809999942779541,1.8899999856948853,1.7999999523162842,1.7799999713897705,1.7000000476837158,1.7899999618530273,1.6799999475479126,1.940000057220459,2.240000009536743,2.380000114440918,2.130000114440918,2.1500000953674316,2.0799999237060547,1.309999942779541,1.340000033378601,1.3200000524520874,1.3799999952316284,1.4299999475479126,2.0899999141693115,2.799999952316284,2.200000047683716,2.200000047683716,2.200000047683716,2.140000104904175,1.9500000476837158,2.049999952316284,1.9800000190734863,2.1700000762939453,2.609999895095825,2.6700000762939453,2.799999952316284,3.299999952316284,3.119999885559082,3.0,3.2100000381469727,3.309999942779541,3.309999942779541,3.069999933242798,2.5,2.4200000762939453,2.359999895095825,2.5299999713897705,2.75,3.3499999046325684,3.5,3.890000104904175,3.009999990463257,2.690000057220459,2.4800000190734863,2.5,2.4200000762939453,2.259999990463257,2.119999885559082,1.940000057220459,1.8600000143051147,1.9199999570846558,1.809999942779541,1.8799999952316284,1.840000033378601,1.899999976158142,1.9900000095367432,2.0,2.009999990463257,2.0899999141693115,2.059999942779541,2.0999999046325684,2.0,2.0399999618530273,1.9700000286102295,1.850000023841858,1.7200000286102295,1.7200000286102295,1.75,1.7999999523162842,1.8700000047683716,1.9199999570846558,1.7699999809265137,1.8799999952316284,1.8799999952316284,,,,,,,,,,,,,,,,,,,,
CKPT,,,,,,,,,,,,,,,,,,,,1.9700000286102295,2.1600000858306885,1.9800000190734863,2.0399999618530273,2.059999942779541,1.9900000095367432,1.9500000476837158,1.8899999856948853,1.8600000143051147,1.840000033378601,1.9199999570846558,1.9700000286102295,1.940000057220459,1.9900000095367432,1.8600000143051147,1.8200000524520874,1.7799999713897705,1.809999942779541,1.9299999475479126,1.8799999952316284,1.809999942779541,1.9199999570846558,2.0799999237060547,2.1500000953674316,2.0899999141693115,2.190000057220459,2.2699999809265137,2.4100000858306885,2.555000066757202,2.6600000858306885,2.740000009536743,2.890000104904175,2.9000000953674316,3.25,3.2300000190734863,3.2899999618530273,3.130000114440918,3.2100000381469727,3.200000047683716,3.259999990463257,3.319999933242798,1.8300000429153442,1.75,1.7599999904632568,1.840000033378601,1.8700000047683716,2.0799999237060547,2.180000066757202,2.259999990463257,2.2899999618530273,2.190000057220459,2.240000009536743,2.440000057220459,2.390000104904175,2.190000057220459,2.0999999046325684,1.909999966621399,1.8899999856948853,1.940000057220459,1.8799999952316284,1.8600000143051147,1.8200000524520874,1.840000033378601,1.840000033378601,1.75,1.6799999475479126,1.7100000381469727,1.6799999475479126,1.9900000095367432,1.899999976158142,2.0399999618530273,1.9600000381469727,1.9199999570846558,1.850000023841858,2.0,1.9299999475479126,1.9900000095367432,2.0,1.9900000095367432,1.899999976158142,1.9900000095367432,2.009999990463257,,,,,,,,,,,,,,,,,,,,
ALPMY,,,,,,,,,,,,,,,,,,,,,,11.779999732971191,11.569999694824219,11.729999542236328,11.649999618530273,11.569999694824219,11.9399995803833,12.279999732971191,12.149999618530273,12.130000114440918,12.15999984741211,12.260000228881836,12.109999656677246,12.100000381469727,12.15999984741211,12.279999732971191,12.100000381469727,12.119999885559082,12.149999618530273,12.260000228881836,11.960000038146973,11.880000114440918,11.65999984741211,11.739999771118164,11.609999656677246,11.359999656677246,11.420000076293945,11.539999961853027,11.420000076293945,11.619999885559082,11.720000267028809,11.680000305175781,11.739999771118164,12.069999694824219,11.899999618530273,11.829999923706055,11.760000228881836,12.0600004196167,12.15999984741211,12.279999732971191,12.039999961853027,12.1899995803833,12.100000381469727,12.079999923706055,12.100000381469727,11.729999542236328,11.699999809265137,11.5600004196167,11.569999694824219,11.539999961853027,11.470000267028809,11.4399995803833,11.420000076293945,11.600000381469727,11.569999694824219,11.600000381469727,11.550000190734863,11.350000381469727,11.0,10.890000343322754,10.920000076293945,10.729999542236328,10.789999961853027,10.819999694824219,10.890000343322754,11.079999923706055,11.050000190734863,11.100000381469727,11.140000343322754,11.119999885559082,10.960000038146973,10.989999771118164,11.029999732971191,10.989999771118164,10.979999542236328,10.930000305175781,11.149999618530273,11.079999923706055,10.800000190734863,10.8100004196167,10.75,10.619999885559082,,,,,,,,,,,,,,,,,,,
THTX,,,,,,,,,,,,,,,,,,,,,,1.440000057220459,1.7000000476837158,1.6399999856948853,1.5800000429153442,1.6299999952316284,1.6799999475479126,1.6100000143051147,1.6299999952316284,1.590000033378601,1.600000023841858,1.5700000524520874,1.5499999523162842,1.6200000047683716,1.5800000429153442,1.590000033378601,1.5800000429153442,1.600000023841858,1.5099999904632568,1.590000033378601,1.590000033378601,1.590000033378601,1.600000023841858,1.5800000429153442,1.6200000047683716,1.690000057220459,1.6699999570846558,1.8200000524520874,2.25,2.299999952316284,2.180000066757202,2.0899999141693115,1.9700000286102295,1.9500000476837158,1.9600000381469727,2.0399999618530273,2.0299999713897705,2.009999990463257,1.850000023841858,1.7200000286102295,1.4800000190734863,1.600000023841858,1.5800000429153442,1.7100000381469727,1.7300000190734863,1.5499999523162842,1.659999966621399,1.6699999570846558,1.5700000524520874,1.649999976158142,1.649999976158142,1.5700000524520874,1.6299999952316284,1.6799999475479126,1.590000033378601,1.6200000047683716,1.6299999952316284,1.649999976158142,1.6799999475479126,1.7000000476837158,1.6100000143051147,1.6399999856948853,1.6399999856948853,1.600000023841858,1.440000057220459,1.4500000476837158,1.4700000286102295,1.5199999809265137,1.440000057220459,1.3700000047683716,1.2599999904632568,1.2100000381469727,1.2200000286102295,1.2000000476837158,1.2000000476837158,1.1799999475479126,1.2599999904632568,1.2200000286102295,1.2000000476837158,1.2300000190734863,1.2599999904632568,,,,,,,,,,,,,,,,,,,,
